set foreign_key_checks = 0;

insert into attention_ingredient_mapping (id, created_at, updated_at, attention_id, ingredient_id)
values (1, '2022-11-06 01:45:31', '2022-11-06 01:45:31', 1, 181),
       (2, '2022-11-06 01:45:31', '2022-11-06 01:45:31', 1, 126),
       (6, '2022-11-06 01:45:31', '2022-11-06 01:45:31', 1, 172),
       (8, '2022-11-06 01:45:31', '2022-11-06 01:45:31', 1, 112),
       (12, '2022-11-06 01:45:31', '2022-11-06 01:45:31', 1, 51),
       (14, '2022-11-06 01:45:31', '2022-11-06 01:45:31', 1, 107),
       (15, '2022-11-06 01:45:31', '2022-11-06 01:45:31', 1, 101),
       (16, '2022-11-06 01:45:31', '2022-11-06 01:45:31', 1, 111),
       (18, '2022-11-06 01:45:31', '2022-11-06 01:45:31', 1, 100),
       (19, '2022-11-06 01:45:31', '2022-11-06 01:45:31', 1, 103),
       (20, '2022-11-06 01:45:31', '2022-11-06 01:45:31', 1, 62),
       (21, '2022-11-06 01:45:31', '2022-11-06 01:45:31', 1, 108),
       (22, '2022-11-06 01:45:31', '2022-11-06 01:45:31', 1, 114),
       (23, '2022-11-06 01:45:31', '2022-11-06 01:45:31', 1, 119),
       (25, '2022-11-06 01:45:31', '2022-11-06 01:45:31', 1, 27),
       (26, '2022-11-06 01:45:31', '2022-11-06 01:45:31', 1, 120),
       (28, '2022-11-06 01:45:31', '2022-11-06 01:45:31', 1, 123),
       (31, '2022-11-06 01:45:31', '2022-11-06 01:45:31', 1, 102),
       (32, '2022-11-06 01:45:31', '2022-11-06 01:45:31', 1, 110),
       (35, '2022-11-06 01:45:31', '2022-11-06 01:45:31', 1, 144),
       (36, '2022-11-06 01:45:31', '2022-11-06 01:45:31', 1, 72),
       (37, '2022-11-06 01:45:31', '2022-11-06 01:45:31', 1, 184),
       (39, '2022-11-06 01:45:31', '2022-11-06 01:45:31', 1, 78),
       (46, '2022-11-06 01:45:31', '2022-11-06 01:45:31', 2, 181),
       (47, '2022-11-06 01:45:31', '2022-11-06 01:45:31', 2, 126),
       (48, '2022-11-06 01:45:31', '2022-11-06 01:45:31', 2, 172),
       (49, '2022-11-06 01:45:31', '2022-11-06 01:45:31', 2, 112),
       (50, '2022-11-06 01:45:31', '2022-11-06 01:45:31', 2, 107),
       (51, '2022-11-06 01:45:31', '2022-11-06 01:45:31', 2, 101),
       (52, '2022-11-06 01:45:31', '2022-11-06 01:45:31', 2, 111),
       (53, '2022-11-06 01:45:31', '2022-11-06 01:45:31', 2, 100),
       (54, '2022-11-06 01:45:31', '2022-11-06 01:45:31', 2, 103),
       (55, '2022-11-06 01:45:31', '2022-11-06 01:45:31', 2, 62),
       (56, '2022-11-06 01:45:31', '2022-11-06 01:45:31', 2, 108),
       (57, '2022-11-06 01:45:31', '2022-11-06 01:45:31', 2, 114),
       (58, '2022-11-06 01:45:31', '2022-11-06 01:45:31', 2, 119),
       (59, '2022-11-06 01:45:31', '2022-11-06 01:45:31', 2, 123),
       (60, '2022-11-06 01:45:31', '2022-11-06 01:45:31', 2, 102),
       (61, '2022-11-06 01:45:31', '2022-11-06 01:45:31', 2, 110),
       (66, '2022-11-06 01:45:31', '2022-11-06 01:45:31', 2, 86),
       (72, '2022-11-06 01:45:31', '2022-11-06 01:45:31', 2, 136),
       (73, '2022-11-06 01:45:31', '2022-11-06 01:45:31', 2, 34),
       (81, '2022-11-06 01:45:31', '2022-11-06 01:45:31', 3, 126),
       (82, '2022-11-06 01:45:31', '2022-11-06 01:45:31', 3, 172),
       (83, '2022-11-06 01:45:31', '2022-11-06 01:45:31', 3, 101),
       (84, '2022-11-06 01:45:31', '2022-11-06 01:45:31', 3, 111),
       (85, '2022-11-06 01:45:31', '2022-11-06 01:45:31', 3, 100),
       (86, '2022-11-06 01:45:31', '2022-11-06 01:45:31', 3, 103),
       (87, '2022-11-06 01:45:31', '2022-11-06 01:45:31', 3, 114),
       (88, '2022-11-06 01:45:31', '2022-11-06 01:45:31', 3, 119),
       (89, '2022-11-06 01:45:31', '2022-11-06 01:45:31', 3, 27),
       (91, '2022-11-06 01:45:31', '2022-11-06 01:45:31', 3, 123),
       (93, '2022-11-06 01:45:31', '2022-11-06 01:45:31', 4, 126),
       (94, '2022-11-06 01:45:31', '2022-11-06 01:45:31', 4, 172),
       (95, '2022-11-06 01:45:31', '2022-11-06 01:45:31', 4, 112),
       (96, '2022-11-06 01:45:31', '2022-11-06 01:45:31', 4, 107),
       (97, '2022-11-06 01:45:31', '2022-11-06 01:45:31', 4, 101),
       (98, '2022-11-06 01:45:31', '2022-11-06 01:45:31', 4, 100),
       (99, '2022-11-06 01:45:31', '2022-11-06 01:45:31', 4, 103),
       (100, '2022-11-06 01:45:31', '2022-11-06 01:45:31', 4, 62),
       (101, '2022-11-06 01:45:31', '2022-11-06 01:45:31', 4, 114),
       (102, '2022-11-06 01:45:31', '2022-11-06 01:45:31', 4, 119),
       (103, '2022-11-06 01:45:31', '2022-11-06 01:45:31', 4, 123),
       (104, '2022-11-06 01:45:31', '2022-11-06 01:45:31', 4, 102),
       (105, '2022-11-06 01:45:31', '2022-11-06 01:45:31', 4, 110),
       (106, '2022-11-06 01:45:31', '2022-11-06 01:45:31', 4, 184),
       (109, '2022-11-06 01:45:31', '2022-11-06 01:45:31', 4, 86),
       (111, '2022-11-06 01:45:31', '2022-11-06 01:45:31', 4, 136),
       (112, '2022-11-06 01:45:31', '2022-11-06 01:45:31', 4, 80),
       (113, '2022-11-06 01:45:31', '2022-11-06 01:45:31', 4, 75),
       (117, '2022-11-06 01:45:31', '2022-11-06 01:45:31', 5, 126),
       (118, '2022-11-06 01:45:31', '2022-11-06 01:45:31', 5, 172),
       (119, '2022-11-06 01:45:31', '2022-11-06 01:45:31', 5, 112),
       (120, '2022-11-06 01:45:31', '2022-11-06 01:45:31', 5, 107),
       (121, '2022-11-06 01:45:31', '2022-11-06 01:45:31', 5, 101),
       (122, '2022-11-06 01:45:31', '2022-11-06 01:45:31', 5, 111),
       (124, '2022-11-06 01:45:31', '2022-11-06 01:45:31', 5, 100),
       (125, '2022-11-06 01:45:31', '2022-11-06 01:45:31', 5, 103),
       (126, '2022-11-06 01:45:31', '2022-11-06 01:45:31', 5, 108),
       (127, '2022-11-06 01:45:31', '2022-11-06 01:45:31', 5, 114),
       (128, '2022-11-06 01:45:31', '2022-11-06 01:45:31', 5, 119),
       (129, '2022-11-06 01:45:31', '2022-11-06 01:45:31', 5, 120),
       (130, '2022-11-06 01:45:31', '2022-11-06 01:45:31', 5, 102),
       (131, '2022-11-06 01:45:31', '2022-11-06 01:45:31', 5, 110),
       (132, '2022-11-06 01:45:31', '2022-11-06 01:45:31', 5, 144),
       (133, '2022-11-06 01:45:31', '2022-11-06 01:45:31', 5, 72),
       (134, '2022-11-06 01:45:31', '2022-11-06 01:45:31', 5, 184),
       (138, '2022-11-06 01:45:31', '2022-11-06 01:45:31', 5, 136),
       (139, '2022-11-06 01:45:31', '2022-11-06 01:45:31', 5, 40),
       (140, '2022-11-06 01:45:31', '2022-11-06 01:45:31', 5, 115),
       (144, '2022-11-06 01:45:31', '2022-11-06 01:45:31', 5, 49),
       (150, '2022-11-06 01:45:31', '2022-11-06 01:45:31', 5, 6),
       (151, '2022-11-06 01:45:31', '2022-11-06 01:45:31', 5, 17),
       (153, '2022-11-06 01:45:31', '2022-11-06 01:45:31', 5, 44);
insert into attention_pill_mapping (id, created_at, updated_at, attention_id, pill_id)
values (26, '2022-11-06 01:44:45', '2022-11-06 01:44:45', 1, 16),
       (41, '2022-11-06 01:44:45', '2022-11-06 01:44:45', 1, 13),
       (55, '2022-11-06 01:44:45', '2022-11-06 01:44:45', 1, 14),
       (158, '2022-11-06 01:44:46', '2022-11-06 01:44:46', 1, 15),
       (231, '2022-11-06 01:44:46', '2022-11-06 01:44:46', 1, 11),
       (484, '2022-11-06 01:44:46', '2022-11-06 01:44:46', 1, 8),
       (511, '2022-11-06 01:44:46', '2022-11-06 01:44:46', 1, 12),
       (547, '2022-11-06 01:44:47', '2022-11-06 01:44:47', 1, 17),
       (689, '2022-11-06 01:44:47', '2022-11-06 01:44:47', 1, 2),
       (741, '2022-11-06 01:44:47', '2022-11-06 01:44:47', 1, 6),
       (766, '2022-11-06 01:44:47', '2022-11-06 01:44:47', 1, 18),
       (839, '2022-11-06 01:44:47', '2022-11-06 01:44:47', 1, 10),
       (860, '2022-11-06 01:44:47', '2022-11-06 01:44:47', 1, 1),
       (871, '2022-11-06 01:44:47', '2022-11-06 01:44:47', 1, 7),
       (872, '2022-11-06 01:44:47', '2022-11-06 01:44:47', 1, 9),
       (920, '2022-11-06 01:44:47', '2022-11-06 01:44:47', 2, 31),
       (936, '2022-11-06 01:44:47', '2022-11-06 01:44:47', 2, 196),
       (945, '2022-11-06 01:44:48', '2022-11-06 01:44:48', 2, 111),
       (947, '2022-11-06 01:44:48', '2022-11-06 01:44:48', 2, 192),
       (949, '2022-11-06 01:44:48', '2022-11-06 01:44:48', 2, 195),
       (987, '2022-11-06 01:44:48', '2022-11-06 01:44:48', 2, 89),
       (1008, '2022-11-06 01:44:48', '2022-11-06 01:44:48', 2, 135),
       (1011, '2022-11-06 01:44:48', '2022-11-06 01:44:48', 2, 95),
       (1012, '2022-11-06 01:44:48', '2022-11-06 01:44:48', 2, 193),
       (1047, '2022-11-06 01:44:48', '2022-11-06 01:44:48', 2, 174),
       (1049, '2022-11-06 01:44:48', '2022-11-06 01:44:48', 2, 194),
       (1052, '2022-11-06 01:44:48', '2022-11-06 01:44:48', 2, 132),
       (1068, '2022-11-06 01:44:48', '2022-11-06 01:44:48', 2, 82),
       (1125, '2022-11-06 01:44:48', '2022-11-06 01:44:48', 2, 197),
       (1135, '2022-11-06 01:44:48', '2022-11-06 01:44:48', 2, 149),
       (1148, '2022-11-06 01:44:48', '2022-11-06 01:44:48', 3, 548),
       (1149, '2022-11-06 01:44:48', '2022-11-06 01:44:48', 3, 1671),
       (1150, '2022-11-06 01:44:48', '2022-11-06 01:44:48', 3, 622),
       (1151, '2022-11-06 01:44:48', '2022-11-06 01:44:48', 3, 245),
       (1152, '2022-11-06 01:44:48', '2022-11-06 01:44:48', 3, 549),
       (1155, '2022-11-06 01:44:48', '2022-11-06 01:44:48', 3, 601),
       (1156, '2022-11-06 01:44:48', '2022-11-06 01:44:48', 3, 1249),
       (1157, '2022-11-06 01:44:48', '2022-11-06 01:44:48', 3, 1472),
       (1158, '2022-11-06 01:44:48', '2022-11-06 01:44:48', 3, 959),
       (1160, '2022-11-06 01:44:48', '2022-11-06 01:44:48', 3, 1796),
       (1162, '2022-11-06 01:44:48', '2022-11-06 01:44:48', 3, 788),
       (1164, '2022-11-06 01:44:48', '2022-11-06 01:44:48', 3, 180),
       (1166, '2022-11-06 01:44:48', '2022-11-06 01:44:48', 3, 1250),
       (1167, '2022-11-06 01:44:48', '2022-11-06 01:44:48', 3, 994),
       (1170, '2022-11-06 01:44:48', '2022-11-06 01:44:48', 3, 803),
       (1174, '2022-11-06 01:44:48', '2022-11-06 01:44:48', 4, 48),
       (1178, '2022-11-06 01:44:48', '2022-11-06 01:44:48', 4, 242),
       (1180, '2022-11-06 01:44:48', '2022-11-06 01:44:48', 4, 51),
       (1195, '2022-11-06 01:44:48', '2022-11-06 01:44:48', 4, 49),
       (1210, '2022-11-06 01:44:48', '2022-11-06 01:44:48', 4, 337),
       (1237, '2022-11-06 01:44:48', '2022-11-06 01:44:48', 4, 247),
       (1243, '2022-11-06 01:44:48', '2022-11-06 01:44:48', 4, 52),
       (1259, '2022-11-06 01:44:48', '2022-11-06 01:44:48', 4, 50),
       (1281, '2022-11-06 01:44:48', '2022-11-06 01:44:48', 4, 248),
       (1295, '2022-11-06 01:44:48', '2022-11-06 01:44:48', 4, 315),
       (1301, '2022-11-06 01:44:48', '2022-11-06 01:44:48', 4, 74),
       (1302, '2022-11-06 01:44:48', '2022-11-06 01:44:48', 4, 76),
       (1303, '2022-11-06 01:44:48', '2022-11-06 01:44:48', 4, 204),
       (1304, '2022-11-06 01:44:48', '2022-11-06 01:44:48', 4, 3),
       (1309, '2022-11-06 01:44:48', '2022-11-06 01:44:48', 4, 246),
       (1321, '2022-11-06 01:44:48', '2022-11-06 01:44:48', 5, 1000),
       (1326, '2022-11-06 01:44:48', '2022-11-06 01:44:48', 5, 896),
       (1336, '2022-11-06 01:44:48', '2022-11-06 01:44:48', 5, 608),
       (1341, '2022-11-06 01:44:48', '2022-11-06 01:44:48', 5, 607),
       (1357, '2022-11-06 01:44:49', '2022-11-06 01:44:49', 5, 367),
       (1366, '2022-11-06 01:44:49', '2022-11-06 01:44:49', 5, 353),
       (1371, '2022-11-06 01:44:49', '2022-11-06 01:44:49', 5, 762),
       (1372, '2022-11-06 01:44:49', '2022-11-06 01:44:49', 5, 754),
       (1373, '2022-11-06 01:44:49', '2022-11-06 01:44:49', 5, 761),
       (1374, '2022-11-06 01:44:49', '2022-11-06 01:44:49', 5, 32),
       (1376, '2022-11-06 01:44:49', '2022-11-06 01:44:49', 5, 768),
       (1381, '2022-11-06 01:44:49', '2022-11-06 01:44:49', 5, 318),
       (1382, '2022-11-06 01:44:49', '2022-11-06 01:44:49', 5, 462),
       (1397, '2022-11-06 01:44:49', '2022-11-06 01:44:49', 5, 449),
       (1400, '2022-11-06 01:44:49', '2022-11-06 01:44:49', 5, 421);
insert into attentions (id, created_at, updated_at, name)
values (1, '2022-11-06 01:44:42', '2022-11-06 01:44:42', '장 건강'),
       (2, '2022-11-06 01:44:42', '2022-11-06 01:44:42', '간 건강'),
       (3, '2022-11-06 01:44:42', '2022-11-06 01:44:42', '위 건강'),
       (4, '2022-11-06 01:44:42', '2022-11-06 01:44:42', '전립선 건강'),
       (5, '2022-11-06 01:44:42', '2022-11-06 01:44:42', '갱년기 건강');
insert into pill_ingredient_mapping (id, created_at, updated_at, amount, unit, ingredient_id, pill_id)
values (40, '2022-11-06 01:44:59', '2022-11-06 01:44:59', 2000000000.0000000000, 'CFU', 181, 16),
       (65, '2022-11-06 01:44:59', '2022-11-06 01:44:59', 10000000000.0000000000, 'CFU', 51, 13),
       (92, '2022-11-06 01:44:59', '2022-11-06 01:44:59', 10000000000.0000000000, 'CFU', 51, 14),
       (93, '2022-11-06 01:44:59', '2022-11-06 01:44:59', 10000000000.0000000000, 'CFU', 181, 14),
       (300, '2022-11-06 01:45:00', '2022-11-06 01:45:00', 10000000000.0000000000, 'CFU', 181, 15),
       (440, '2022-11-06 01:45:01', '2022-11-06 01:45:01', 10000000000.0000000000, 'CFU', 181, 11),
       (921, '2022-11-06 01:45:03', '2022-11-06 01:45:03', 2000000000.0000000000, 'CFU', 78, 8),
       (922, '2022-11-06 01:45:03', '2022-11-06 01:45:03', 30.0000000000, 'MILLI_GRAM', 111, 8),
       (968, '2022-11-06 01:45:03', '2022-11-06 01:45:03', 10000000000.0000000000, 'CFU', 181, 12),
       (969, '2022-11-06 01:45:03', '2022-11-06 01:45:03', 5.0000000000, 'MILLI_GRAM', 126, 12),
       (1032, '2022-11-06 01:45:03', '2022-11-06 01:45:03', 2000000000.0000000000, 'CFU', 181, 17),
       (1362, '2022-11-06 01:45:04', '2022-11-06 01:45:04', 2000000000.0000000000, 'CFU', 181, 6),
       (1402, '2022-11-06 01:45:04', '2022-11-06 01:45:04', 10000000000.0000000000, 'CFU', 51, 18),
       (1535, '2022-11-06 01:45:04', '2022-11-06 01:45:04', 2000000000.0000000000, 'CFU', 181, 10),
       (1579, '2022-11-06 01:45:05', '2022-11-06 01:45:05', 2000000000.0000000000, 'CFU', 78, 7),
       (1580, '2022-11-06 01:45:05', '2022-11-06 01:45:05', 1.2000000000, 'MILLI_GRAM', 101, 7),
       (1581, '2022-11-06 01:45:05', '2022-11-06 01:45:05', 2000000000.0000000000, 'CFU', 78, 9),
       (1582, '2022-11-06 01:45:05', '2022-11-06 01:45:05', 5.0000000000, 'MILLI_GRAM', 126, 9),
       (1657, '2022-11-06 01:45:05', '2022-11-06 01:45:05', 130.0000000000, 'MILLI_GRAM', 123, 31),
       (1754, '2022-11-06 01:45:05', '2022-11-06 01:45:05', 130.0000000000, 'MILLI_GRAM', 123, 196),
       (1755, '2022-11-06 01:45:05', '2022-11-06 01:45:05', 8.5000000000, 'MILLI_GRAM', 126, 196),
       (1816, '2022-11-06 01:45:05', '2022-11-06 01:45:05', 130.0000000000, 'MILLI_GRAM', 123, 111),
       (1817, '2022-11-06 01:45:05', '2022-11-06 01:45:05', 16.5000000000, 'MICRO_GRAM', 119, 111),
       (1818, '2022-11-06 01:45:05', '2022-11-06 01:45:05', 120.0000000000, 'MICRO_GRAM', 110, 111),
       (1819, '2022-11-06 01:45:05', '2022-11-06 01:45:05', 9.0000000000, 'MICRO_GRAM', 108, 111),
       (1820, '2022-11-06 01:45:05', '2022-11-06 01:45:05', 2.5500000000, 'MILLI_GRAM', 126, 111),
       (1821, '2022-11-06 01:45:05', '2022-11-06 01:45:05', 0.3600000000, 'MILLI_GRAM', 101, 111),
       (1822, '2022-11-06 01:45:05', '2022-11-06 01:45:05', 0.4200000000, 'MILLI_GRAM', 103, 111),
       (1823, '2022-11-06 01:45:05', '2022-11-06 01:45:05', 0.4500000000, 'MILLI_GRAM', 107, 111),
       (1832, '2022-11-06 01:45:05', '2022-11-06 01:45:05', 130.0000000000, 'MILLI_GRAM', 123, 192),
       (1839, '2022-11-06 01:45:05', '2022-11-06 01:45:05', 130.0000000000, 'MILLI_GRAM', 123, 195),
       (1840, '2022-11-06 01:45:05', '2022-11-06 01:45:05', 1.2000000000, 'MILLI_GRAM', 101, 195),
       (1841, '2022-11-06 01:45:05', '2022-11-06 01:45:05', 1.4000000000, 'MILLI_GRAM', 103, 195),
       (1842, '2022-11-06 01:45:05', '2022-11-06 01:45:05', 60.0000000000, 'MICRO_GRAM', 102, 195),
       (1843, '2022-11-06 01:45:05', '2022-11-06 01:45:05', 15.0000000000, 'MILLI_GRAM', 62, 195),
       (1844, '2022-11-06 01:45:05', '2022-11-06 01:45:05', 5.0000000000, 'MILLI_GRAM', 172, 195),
       (2045, '2022-11-06 01:45:06', '2022-11-06 01:45:06', 130.0000000000, 'MILLI_GRAM', 123, 89),
       (2046, '2022-11-06 01:45:06', '2022-11-06 01:45:06', 1.2000000000, 'MILLI_GRAM', 101, 89),
       (2047, '2022-11-06 01:45:06', '2022-11-06 01:45:06', 1.4000000000, 'MILLI_GRAM', 103, 89),
       (2048, '2022-11-06 01:45:06', '2022-11-06 01:45:06', 1.5000000000, 'MILLI_GRAM', 107, 89),
       (2049, '2022-11-06 01:45:06', '2022-11-06 01:45:06', 15.0000000000, 'MILLI_GRAM', 62, 89),
       (2050, '2022-11-06 01:45:06', '2022-11-06 01:45:06', 400.0000000000, 'MICRO_GRAM', 110, 89),
       (2051, '2022-11-06 01:45:06', '2022-11-06 01:45:06', 8.5000000000, 'MILLI_GRAM', 126, 89),
       (2052, '2022-11-06 01:45:06', '2022-11-06 01:45:06', 5.0000000000, 'MILLI_GRAM', 172, 89),
       (2138, '2022-11-06 01:45:06', '2022-11-06 01:45:06', 130.0000000000, 'MILLI_GRAM', 123, 135),
       (2139, '2022-11-06 01:45:06', '2022-11-06 01:45:06', 1.2000000000, 'MILLI_GRAM', 101, 135),
       (2140, '2022-11-06 01:45:06', '2022-11-06 01:45:06', 1.4000000000, 'MILLI_GRAM', 103, 135),
       (2141, '2022-11-06 01:45:06', '2022-11-06 01:45:06', 1.5000000000, 'MILLI_GRAM', 107, 135),
       (2142, '2022-11-06 01:45:06', '2022-11-06 01:45:06', 8.5000000000, 'MILLI_GRAM', 126, 135),
       (2159, '2022-11-06 01:45:06', '2022-11-06 01:45:06', 130.0000000000, 'MILLI_GRAM', 123, 95),
       (2160, '2022-11-06 01:45:06', '2022-11-06 01:45:06', 4.2500000000, 'MILLI_GRAM', 126, 95),
       (2161, '2022-11-06 01:45:06', '2022-11-06 01:45:06', 1.2000000000, 'MILLI_GRAM', 101, 95),
       (2162, '2022-11-06 01:45:06', '2022-11-06 01:45:06', 1.4000000000, 'MILLI_GRAM', 103, 95),
       (2163, '2022-11-06 01:45:06', '2022-11-06 01:45:06', 1.5000000000, 'MILLI_GRAM', 107, 95),
       (2164, '2022-11-06 01:45:06', '2022-11-06 01:45:06', 130.0000000000, 'MILLI_GRAM', 123, 193),
       (2323, '2022-11-06 01:45:06', '2022-11-06 01:45:06', 130.0000000000, 'MILLI_GRAM', 123, 174),
       (2324, '2022-11-06 01:45:06', '2022-11-06 01:45:06', 200.0000000000, 'MILLI_GRAM', 34, 174),
       (2325, '2022-11-06 01:45:06', '2022-11-06 01:45:06', 0.9000000000, 'MILLI_GRAM', 86, 174),
       (2326, '2022-11-06 01:45:06', '2022-11-06 01:45:06', 16.5000000000, 'MICRO_GRAM', 119, 174),
       (2327, '2022-11-06 01:45:06', '2022-11-06 01:45:06', 4.2500000000, 'MILLI_GRAM', 126, 174),
       (2328, '2022-11-06 01:45:06', '2022-11-06 01:45:06', 2.4000000000, 'MICRO_GRAM', 102, 174),
       (2329, '2022-11-06 01:45:06', '2022-11-06 01:45:06', 400.0000000000, 'MICRO_GRAM', 110, 174),
       (2330, '2022-11-06 01:45:06', '2022-11-06 01:45:06', 4.0000000000, 'MILLI_GRAM', 107, 174),
       (2331, '2022-11-06 01:45:06', '2022-11-06 01:45:06', 300.0000000000, 'MICRO_GRAM', 108, 174),
       (2332, '2022-11-06 01:45:06', '2022-11-06 01:45:06', 15.0000000000, 'MILLI_GRAM', 62, 174),
       (2333, '2022-11-06 01:45:06', '2022-11-06 01:45:06', 4.0000000000, 'MILLI_GRAM', 101, 174),
       (2334, '2022-11-06 01:45:06', '2022-11-06 01:45:06', 4.0000000000, 'MILLI_GRAM', 103, 174),
       (2335, '2022-11-06 01:45:06', '2022-11-06 01:45:06', 3.3000000000, 'MILLI_GRAM', 114, 174),
       (2336, '2022-11-06 01:45:07', '2022-11-06 01:45:07', 30.0000000000, 'MILLI_GRAM', 111, 174),
       (2346, '2022-11-06 01:45:07', '2022-11-06 01:45:07', 130.0000000000, 'MILLI_GRAM', 123, 194),
       (2360, '2022-11-06 01:45:07', '2022-11-06 01:45:07', 130.0000000000, 'MILLI_GRAM', 123, 132),
       (2361, '2022-11-06 01:45:07', '2022-11-06 01:45:07', 55.0000000000, 'MICRO_GRAM', 119, 132),
       (2362, '2022-11-06 01:45:07', '2022-11-06 01:45:07', 5.0000000000, 'MILLI_GRAM', 172, 132),
       (2363, '2022-11-06 01:45:07', '2022-11-06 01:45:07', 1.2000000000, 'MILLI_GRAM', 101, 132),
       (2364, '2022-11-06 01:45:07', '2022-11-06 01:45:07', 1.4000000000, 'MILLI_GRAM', 103, 132),
       (2365, '2022-11-06 01:45:07', '2022-11-06 01:45:07', 1.5000000000, 'MILLI_GRAM', 107, 132),
       (2426, '2022-11-06 01:45:07', '2022-11-06 01:45:07', 130.0000000000, 'MILLI_GRAM', 123, 82),
       (2427, '2022-11-06 01:45:07', '2022-11-06 01:45:07', 100.0000000000, 'MILLI_GRAM', 111, 82),
       (2428, '2022-11-06 01:45:07', '2022-11-06 01:45:07', 1.2000000000, 'MILLI_GRAM', 101, 82),
       (2429, '2022-11-06 01:45:07', '2022-11-06 01:45:07', 1.4000000000, 'MILLI_GRAM', 103, 82),
       (2430, '2022-11-06 01:45:07', '2022-11-06 01:45:07', 15.0000000000, 'MILLI_GRAM', 62, 82),
       (2431, '2022-11-06 01:45:07', '2022-11-06 01:45:07', 1.5000000000, 'MILLI_GRAM', 107, 82),
       (2432, '2022-11-06 01:45:07', '2022-11-06 01:45:07', 2.4000000000, 'MICRO_GRAM', 102, 82),
       (2728, '2022-11-06 01:45:08', '2022-11-06 01:45:08', 130.0000000000, 'MILLI_GRAM', 123, 197),
       (2763, '2022-11-06 01:45:08', '2022-11-06 01:45:08', 130.0000000000, 'MILLI_GRAM', 123, 149),
       (2764, '2022-11-06 01:45:08', '2022-11-06 01:45:08', 4.2500000000, 'MILLI_GRAM', 126, 149),
       (2765, '2022-11-06 01:45:08', '2022-11-06 01:45:08', 0.7200000000, 'MILLI_GRAM', 101, 149),
       (2766, '2022-11-06 01:45:08', '2022-11-06 01:45:08', 0.7000000000, 'MILLI_GRAM', 103, 149),
       (2767, '2022-11-06 01:45:08', '2022-11-06 01:45:08', 7.5000000000, 'MILLI_GRAM', 62, 149),
       (2768, '2022-11-06 01:45:08', '2022-11-06 01:45:08', 0.7500000000, 'MILLI_GRAM', 107, 149),
       (2769, '2022-11-06 01:45:08', '2022-11-06 01:45:08', 5.5000000000, 'MILLI_GRAM', 114, 149),
       (2814, '2022-11-06 01:45:08', '2022-11-06 01:45:08', 5.4000000000, 'MILLI_GRAM', 27, 548),
       (2815, '2022-11-06 01:45:08', '2022-11-06 01:45:08', 5.4000000000, 'MILLI_GRAM', 27, 1671),
       (2816, '2022-11-06 01:45:08', '2022-11-06 01:45:08', 5.0000000000, 'MILLI_GRAM', 172, 1671),
       (2817, '2022-11-06 01:45:08', '2022-11-06 01:45:08', 1.2000000000, 'MILLI_GRAM', 101, 1671),
       (2818, '2022-11-06 01:45:08', '2022-11-06 01:45:08', 1.4000000000, 'MILLI_GRAM', 103, 1671),
       (2819, '2022-11-06 01:45:08', '2022-11-06 01:45:08', 5.4000000000, 'MILLI_GRAM', 27, 622),
       (2820, '2022-11-06 01:45:08', '2022-11-06 01:45:08', 130.0000000000, 'MILLI_GRAM', 123, 622),
       (2821, '2022-11-06 01:45:08', '2022-11-06 01:45:08', 5.4000000000, 'MILLI_GRAM', 27, 245),
       (2822, '2022-11-06 01:45:08', '2022-11-06 01:45:08', 5.4000000000, 'MILLI_GRAM', 27, 549),
       (2823, '2022-11-06 01:45:08', '2022-11-06 01:45:08', 130.0000000000, 'MILLI_GRAM', 123, 549),
       (2833, '2022-11-06 01:45:08', '2022-11-06 01:45:08', 5.4000000000, 'MILLI_GRAM', 27, 601),
       (2834, '2022-11-06 01:45:08', '2022-11-06 01:45:08', 5.4000000000, 'MILLI_GRAM', 27, 1249),
       (2835, '2022-11-06 01:45:08', '2022-11-06 01:45:08', 5.4000000000, 'MILLI_GRAM', 27, 1472),
       (2836, '2022-11-06 01:45:08', '2022-11-06 01:45:08', 5.4000000000, 'MILLI_GRAM', 27, 959),
       (2838, '2022-11-06 01:45:08', '2022-11-06 01:45:08', 5.4000000000, 'MILLI_GRAM', 27, 1796),
       (2839, '2022-11-06 01:45:08', '2022-11-06 01:45:08', 130.0000000000, 'MILLI_GRAM', 123, 1796),
       (2842, '2022-11-06 01:45:08', '2022-11-06 01:45:08', 5.4000000000, 'MILLI_GRAM', 27, 788),
       (2843, '2022-11-06 01:45:08', '2022-11-06 01:45:08', 130.0000000000, 'MILLI_GRAM', 123, 788),
       (2845, '2022-11-06 01:45:08', '2022-11-06 01:45:08', 5.4000000000, 'MILLI_GRAM', 27, 180),
       (2848, '2022-11-06 01:45:08', '2022-11-06 01:45:08', 5.4000000000, 'MILLI_GRAM', 27, 1250),
       (2849, '2022-11-06 01:45:08', '2022-11-06 01:45:08', 5.4000000000, 'MILLI_GRAM', 27, 994),
       (2853, '2022-11-06 01:45:08', '2022-11-06 01:45:08', 5.4000000000, 'MILLI_GRAM', 27, 803),
       (2854, '2022-11-06 01:45:08', '2022-11-06 01:45:08', 130.0000000000, 'MILLI_GRAM', 123, 803),
       (2858, '2022-11-06 01:45:08', '2022-11-06 01:45:08', 89.6000000000, 'MILLI_GRAM', 80, 48),
       (2859, '2022-11-06 01:45:08', '2022-11-06 01:45:08', 4.9500000000, 'MILLI_GRAM', 126, 48),
       (2874, '2022-11-06 01:45:08', '2022-11-06 01:45:08', 115.0000000000, 'MILLI_GRAM', 80, 242),
       (2875, '2022-11-06 01:45:08', '2022-11-06 01:45:08', 40.0000000000, 'MILLI_GRAM', 136, 242),
       (2884, '2022-11-06 01:45:08', '2022-11-06 01:45:08', 89.6000000000, 'MILLI_GRAM', 80, 51),
       (2885, '2022-11-06 01:45:08', '2022-11-06 01:45:08', 4.9500000000, 'MILLI_GRAM', 126, 51),
       (2886, '2022-11-06 01:45:08', '2022-11-06 01:45:08', 28.8000000000, 'MILLI_GRAM', 184, 51),
       (2887, '2022-11-06 01:45:08', '2022-11-06 01:45:08', 1.2000000000, 'MILLI_GRAM', 101, 51),
       (2888, '2022-11-06 01:45:08', '2022-11-06 01:45:08', 1.4000000000, 'MILLI_GRAM', 103, 51),
       (2889, '2022-11-06 01:45:08', '2022-11-06 01:45:08', 1.5000000000, 'MILLI_GRAM', 107, 51),
       (2890, '2022-11-06 01:45:08', '2022-11-06 01:45:08', 2.4000000000, 'MICRO_GRAM', 102, 51),
       (2968, '2022-11-06 01:45:08', '2022-11-06 01:45:08', 89.6000000000, 'MILLI_GRAM', 80, 49),
       (2969, '2022-11-06 01:45:08', '2022-11-06 01:45:08', 7.1300000000, 'MILLI_GRAM', 126, 49),
       (2970, '2022-11-06 01:45:08', '2022-11-06 01:45:08', 6.7200000000, 'MILLI_GRAM', 75, 49),
       (3012, '2022-11-06 01:45:08', '2022-11-06 01:45:08', 115.0000000000, 'MILLI_GRAM', 80, 337),
       (3013, '2022-11-06 01:45:09', '2022-11-06 01:45:09', 7.0000000000, 'MILLI_GRAM', 136, 337),
       (3112, '2022-11-06 01:45:09', '2022-11-06 01:45:09', 85.0000000000, 'MILLI_GRAM', 80, 247),
       (3113, '2022-11-06 01:45:09', '2022-11-06 01:45:09', 0.4200000000, 'MILLI_GRAM', 103, 247),
       (3114, '2022-11-06 01:45:09', '2022-11-06 01:45:09', 8.5000000000, 'MILLI_GRAM', 126, 247),
       (3131, '2022-11-06 01:45:09', '2022-11-06 01:45:09', 89.6000000000, 'MILLI_GRAM', 80, 52),
       (3132, '2022-11-06 01:45:09', '2022-11-06 01:45:09', 7.0000000000, 'MILLI_GRAM', 136, 52),
       (3133, '2022-11-06 01:45:09', '2022-11-06 01:45:09', 2.8000000000, 'MILLI_GRAM', 103, 52),
       (3198, '2022-11-06 01:45:10', '2022-11-06 01:45:10', 89.6000000000, 'MILLI_GRAM', 80, 50),
       (3199, '2022-11-06 01:45:10', '2022-11-06 01:45:10', 6.7320000000, 'MILLI_GRAM', 126, 50),
       (3281, '2022-11-06 01:45:10', '2022-11-06 01:45:10', 85.0000000000, 'MILLI_GRAM', 80, 248),
       (3282, '2022-11-06 01:45:10', '2022-11-06 01:45:10', 0.4200000000, 'MILLI_GRAM', 103, 248),
       (3283, '2022-11-06 01:45:10', '2022-11-06 01:45:10', 8.5000000000, 'MILLI_GRAM', 126, 248),
       (3346, '2022-11-06 01:45:11', '2022-11-06 01:45:11', 115.0000000000, 'MILLI_GRAM', 80, 315),
       (3347, '2022-11-06 01:45:11', '2022-11-06 01:45:11', 17.0000000000, 'MILLI_GRAM', 136, 315),
       (3348, '2022-11-06 01:45:11', '2022-11-06 01:45:11', 2.5500000000, 'MILLI_GRAM', 126, 315),
       (3349, '2022-11-06 01:45:11', '2022-11-06 01:45:11', 400.0000000000, 'MICRO_GRAM', 110, 315),
       (3350, '2022-11-06 01:45:11', '2022-11-06 01:45:11', 1.4000000000, 'MILLI_GRAM', 103, 315),
       (3372, '2022-11-06 01:45:11', '2022-11-06 01:45:11', 89.6000000000, 'MILLI_GRAM', 80, 74),
       (3373, '2022-11-06 01:45:11', '2022-11-06 01:45:11', 4.9500000000, 'MILLI_GRAM', 126, 74),
       (3374, '2022-11-06 01:45:11', '2022-11-06 01:45:11', 3.0000000000, 'MILLI_GRAM', 86, 74),
       (3375, '2022-11-06 01:45:11', '2022-11-06 01:45:11', 130.0000000000, 'MILLI_GRAM', 123, 76),
       (3376, '2022-11-06 01:45:11', '2022-11-06 01:45:11', 88.0000000000, 'MILLI_GRAM', 80, 76),
       (3377, '2022-11-06 01:45:11', '2022-11-06 01:45:11', 10.0000000000, 'MILLI_GRAM', 136, 76),
       (3378, '2022-11-06 01:45:11', '2022-11-06 01:45:11', 8.5000000000, 'MILLI_GRAM', 126, 76),
       (3379, '2022-11-06 01:45:11', '2022-11-06 01:45:11', 55.0000000000, 'MICRO_GRAM', 119, 76),
       (3380, '2022-11-06 01:45:11', '2022-11-06 01:45:11', 70.0000000000, 'MILLI_GRAM', 80, 204),
       (3381, '2022-11-06 01:45:11', '2022-11-06 01:45:11', 3.6000000000, 'MILLI_GRAM', 126, 204),
       (3382, '2022-11-06 01:45:11', '2022-11-06 01:45:11', 115.0000000000, 'MILLI_GRAM', 80, 3),
       (3383, '2022-11-06 01:45:11', '2022-11-06 01:45:11', 6.0000000000, 'MILLI_GRAM', 75, 3),
       (3384, '2022-11-06 01:45:11', '2022-11-06 01:45:11', 700.0000000000, 'MICRO_GRAM', 100, 3),
       (3385, '2022-11-06 01:45:11', '2022-11-06 01:45:11', 1.4000000000, 'MILLI_GRAM', 103, 3),
       (3386, '2022-11-06 01:45:11', '2022-11-06 01:45:11', 11.0000000000, 'MILLI_GRAM', 114, 3),
       (3387, '2022-11-06 01:45:11', '2022-11-06 01:45:11', 8.5000000000, 'MILLI_GRAM', 126, 3),
       (3388, '2022-11-06 01:45:11', '2022-11-06 01:45:11', 7.0000000000, 'MILLI_GRAM', 136, 3),
       (3403, '2022-11-06 01:45:11', '2022-11-06 01:45:11', 85.0000000000, 'MILLI_GRAM', 80, 246),
       (3404, '2022-11-06 01:45:11', '2022-11-06 01:45:11', 0.4200000000, 'MILLI_GRAM', 103, 246),
       (3405, '2022-11-06 01:45:11', '2022-11-06 01:45:11', 8.5000000000, 'MILLI_GRAM', 126, 246),
       (3421, '2022-11-06 01:45:11', '2022-11-06 01:45:11', 2.5200000000, 'MILLI_GRAM', 40, 1000),
       (3422, '2022-11-06 01:45:11', '2022-11-06 01:45:11', 10.0000000000, 'MICRO_GRAM', 112, 1000),
       (3423, '2022-11-06 01:45:11', '2022-11-06 01:45:11', 70.0000000000, 'MICRO_GRAM', 115, 1000),
       (3436, '2022-11-06 01:45:11', '2022-11-06 01:45:11', 35.0000000000, 'MILLI_GRAM', 120, 896),
       (3437, '2022-11-06 01:45:11', '2022-11-06 01:45:11', 3.0000000000, 'MILLI_GRAM', 144, 896),
       (3438, '2022-11-06 01:45:11', '2022-11-06 01:45:11', 24.0000000000, 'MILLI_GRAM', 72, 896),
       (3439, '2022-11-06 01:45:11', '2022-11-06 01:45:11', 700.0000000000, 'MICRO_GRAM', 100, 896),
       (3440, '2022-11-06 01:45:11', '2022-11-06 01:45:11', 1.2000000000, 'MILLI_GRAM', 101, 896),
       (3441, '2022-11-06 01:45:11', '2022-11-06 01:45:11', 1.4000000000, 'MILLI_GRAM', 103, 896),
       (3442, '2022-11-06 01:45:11', '2022-11-06 01:45:11', 1.5000000000, 'MILLI_GRAM', 107, 896),
       (3443, '2022-11-06 01:45:11', '2022-11-06 01:45:11', 10.0000000000, 'MICRO_GRAM', 112, 896),
       (3444, '2022-11-06 01:45:11', '2022-11-06 01:45:11', 11.0000000000, 'MILLI_GRAM', 114, 896),
       (3445, '2022-11-06 01:45:11', '2022-11-06 01:45:11', 8.5000000000, 'MILLI_GRAM', 126, 896),
       (3544, '2022-11-06 01:45:11', '2022-11-06 01:45:11', 10.2000000000, 'MILLI_GRAM', 6, 762),
       (3545, '2022-11-06 01:45:11', '2022-11-06 01:45:11', 18.6400000000, 'MILLI_GRAM', 17, 762),
       (3546, '2022-11-06 01:45:11', '2022-11-06 01:45:11', 10.2000000000, 'MILLI_GRAM', 6, 761),
       (3547, '2022-11-06 01:45:11', '2022-11-06 01:45:11', 18.6400000000, 'MILLI_GRAM', 17, 761),
       (3548, '2022-11-06 01:45:11', '2022-11-06 01:45:11', 35.0000000000, 'MILLI_GRAM', 120, 32),
       (3549, '2022-11-06 01:45:11', '2022-11-06 01:45:11', 25.0000000000, 'MICRO_GRAM', 112, 32),
       (3550, '2022-11-06 01:45:11', '2022-11-06 01:45:11', 2.7900000000, 'MILLI_GRAM', 44, 768),
       (3551, '2022-11-06 01:45:11', '2022-11-06 01:45:11', 18.0000000000, 'MILLI_GRAM', 184, 768),
       (3552, '2022-11-06 01:45:11', '2022-11-06 01:45:11', 35.0000000000, 'MILLI_GRAM', 120, 318),
       (3553, '2022-11-06 01:45:11', '2022-11-06 01:45:11', 240.0000000000, 'MILLI_GRAM', 49, 318),
       (3597, '2022-11-06 01:45:11', '2022-11-06 01:45:11', 43.7500000000, 'MILLI_GRAM', 120, 421);
insert into pill_ingredients (id, created_at, updated_at, default_unit, name)
values (6, '2022-11-06 01:44:42', '2022-11-06 01:44:42', 'MILLI_GRAM', '4-Hydroxy-L-isoleuscine'),
       (17, '2022-11-06 01:44:42', '2022-11-06 01:44:42', 'MILLI_GRAM', 'D-pinitol'),
       (27, '2022-11-06 01:44:42', '2022-11-06 01:44:42', 'MILLI_GRAM', 'Glabridin'),
       (34, '2022-11-06 01:44:42', '2022-11-06 01:44:42', 'MILLI_GRAM', 'L-테아닌'),
       (40, '2022-11-06 01:44:42', '2022-11-06 01:44:42', 'MILLI_GRAM', 'Rhaponticin'),
       (44, '2022-11-06 01:44:42', '2022-11-06 01:44:42', 'MILLI_GRAM', 'Vitexin'),
       (49, '2022-11-06 01:44:42', '2022-11-06 01:44:42', 'MILLI_GRAM', '감마리놀렌산'),
       (51, '2022-11-06 01:44:42', '2022-11-06 01:44:42', 'CFU', '과채유래유산균'),
       (62, '2022-11-06 01:44:42', '2022-11-06 01:44:42', 'MILLI_GRAM', '나이아신'),
       (72, '2022-11-06 01:44:42', '2022-11-06 01:44:42', 'MILLI_GRAM', '대두이소플라본(비배당체)'),
       (75, '2022-11-06 01:44:42', '2022-11-06 01:44:42', 'MILLI_GRAM', '라이코펜'),
       (78, '2022-11-06 01:44:42', '2022-11-06 01:44:42', 'CFU', '락토바실러스 플란타룸'),
       (80, '2022-11-06 01:44:42', '2022-11-06 01:44:42', 'MILLI_GRAM', '로르산'),
       (86, '2022-11-06 01:44:42', '2022-11-06 01:44:42', 'MILLI_GRAM', '망간'),
       (100, '2022-11-06 01:44:42', '2022-11-06 01:44:42', 'MICRO_GRAM', '비타민A'),
       (101, '2022-11-06 01:44:42', '2022-11-06 01:44:42', 'MILLI_GRAM', '비타민B1'),
       (102, '2022-11-06 01:44:42', '2022-11-06 01:44:42', 'MICRO_GRAM', '비타민B12'),
       (103, '2022-11-06 01:44:42', '2022-11-06 01:44:42', 'MILLI_GRAM', '비타민B2'),
       (107, '2022-11-06 01:44:42', '2022-11-06 01:44:42', 'MILLI_GRAM', '비타민B6'),
       (108, '2022-11-06 01:44:42', '2022-11-06 01:44:42', 'MICRO_GRAM', '비타민B7(비오틴)'),
       (110, '2022-11-06 01:44:42', '2022-11-06 01:44:42', 'MICRO_GRAM', '비타민B9(엽산)'),
       (111, '2022-11-06 01:44:42', '2022-11-06 01:44:42', 'MILLI_GRAM', '비타민C'),
       (112, '2022-11-06 01:44:42', '2022-11-06 01:44:42', 'MICRO_GRAM', '비타민D'),
       (114, '2022-11-06 01:44:42', '2022-11-06 01:44:42', 'MILLI_GRAM', '비타민E'),
       (115, '2022-11-06 01:44:42', '2022-11-06 01:44:42', 'MICRO_GRAM', '비타민K'),
       (119, '2022-11-06 01:44:42', '2022-11-06 01:44:42', 'MICRO_GRAM', '셀레늄(셀렌)'),
       (120, '2022-11-06 01:44:42', '2022-11-06 01:44:42', 'MILLI_GRAM', '소포리코사이드'),
       (123, '2022-11-06 01:44:42', '2022-11-06 01:44:42', 'MILLI_GRAM', '실리마린'),
       (126, '2022-11-06 01:44:42', '2022-11-06 01:44:42', 'MILLI_GRAM', '아연'),
       (136, '2022-11-06 01:44:42', '2022-11-06 01:44:42', 'MILLI_GRAM', '옥타코사놀'),
       (144, '2022-11-06 01:44:42', '2022-11-06 01:44:42', 'MILLI_GRAM', '진세노사이드(Rg1+Rb1+Rg3)'),
       (172, '2022-11-06 01:44:42', '2022-11-06 01:44:42', 'MILLI_GRAM', '판토텐산'),
       (181, '2022-11-06 01:44:42', '2022-11-06 01:44:42', 'CFU', '프로바이오틱스'),
       (184, '2022-11-06 01:44:42', '2022-11-06 01:44:42', 'MILLI_GRAM', '플라보놀 배당체');
insert into pills (id, created_at, updated_at, name)
values (1, '2022-11-06 01:44:42', '2022-11-06 01:44:42', 'BBC 바로바로 요거틱스 유산균 12 25포'),
       (2, '2022-11-06 01:44:42', '2022-11-06 01:44:42', 'BBC 프로바이오틱스 생 유산균 12 30포'),
       (3, '2022-11-06 01:44:42', '2022-11-06 01:44:42', 'BRC 강쏘팔메토 업그레이드 60캡슐'),
       (6, '2022-11-06 01:44:42', '2022-11-06 01:44:42', 'CJ웰케어 BYO 20억 생유산균 30포'),
       (7, '2022-11-06 01:44:42', '2022-11-06 01:44:42', 'CJ웰케어 BYO 20억 생유산균 맨 30포'),
       (8, '2022-11-06 01:44:42', '2022-11-06 01:44:42', 'CJ웰케어 BYO 20억 생유산균 우먼 30포'),
       (9, '2022-11-06 01:44:42', '2022-11-06 01:44:42', 'CJ웰케어 BYO 20억 생유산균 키즈 30포'),
       (10, '2022-11-06 01:44:42', '2022-11-06 01:44:42', 'CJ웰케어 BYO 20억 생유산균 키즈 90포'),
       (11, '2022-11-06 01:44:42', '2022-11-06 01:44:42', 'CJ웰케어 BYO EX 식물유래 유산균 다이어트 30캡슐'),
       (12, '2022-11-06 01:44:42', '2022-11-06 01:44:42', 'CJ웰케어 BYO 면역플러스 유산균 60캡슐'),
       (13, '2022-11-06 01:44:42', '2022-11-06 01:44:42', 'CJ웰케어 BYO 식물성 유산균 100 30포'),
       (14, '2022-11-06 01:44:42', '2022-11-06 01:44:42', 'CJ웰케어 BYO 식물성 유산균 스킨 골드 200 60캡슐'),
       (15, '2022-11-06 01:44:42', '2022-11-06 01:44:42', 'CJ웰케어 BYO 식물성 유산균 캡슐 100 30캡슐'),
       (16, '2022-11-06 01:44:42', '2022-11-06 01:44:42', 'CJ웰케어 BYO 식물성 유산균 패밀리 30포'),
       (17, '2022-11-06 01:44:42', '2022-11-06 01:44:42', 'CJ웰케어 BYO 식물성 유산균 패밀리 3개입 세트'),
       (18, '2022-11-06 01:44:42', '2022-11-06 01:44:42', 'CJ웰케어 BYO 식물성 피부 생유산균 30포'),
       (31, '2022-11-06 01:44:42', '2022-11-06 01:44:42', 'CJ제일제당 리턴업 간케어 밀크씨슬 120정'),
       (32, '2022-11-06 01:44:42', '2022-11-06 01:44:42', 'CJ제일제당 리턴업 갱년기케어 60캡슐'),
       (48, '2022-11-06 01:44:42', '2022-11-06 01:44:42', 'CJ제일제당 리턴업 전립소 쏘팔메토 60캡슐'),
       (49, '2022-11-06 01:44:42', '2022-11-06 01:44:42', 'CJ제일제당 리턴업 전립소 쏘팔메토 90캡슐'),
       (50, '2022-11-06 01:44:42', '2022-11-06 01:44:42', 'CJ제일제당 리턴업 전립소 쏘팔메토 골드 60캡슐'),
       (51, '2022-11-06 01:44:42', '2022-11-06 01:44:42', 'CJ제일제당 리턴업 전립소 쏘팔메토 스페셜 60캡슐'),
       (52, '2022-11-06 01:44:42', '2022-11-06 01:44:42', 'CJ제일제당 리턴업 전립소 쏘팔메토 옥타코사놀 60캡슐'),
       (74, '2022-11-06 01:44:42', '2022-11-06 01:44:42', 'CJ제일제당 전립소 쏘팔메토 플러스 84캡슐'),
       (76, '2022-11-06 01:44:42', '2022-11-06 01:44:42', 'CMG제약 CMG건강연구소 더 쎈 30캡슐'),
       (82, '2022-11-06 01:44:42', '2022-11-06 01:44:42', 'CMG제약 닥터 Dr. 수용성비타민 밀크씨슬 30정'),
       (89, '2022-11-06 01:44:42', '2022-11-06 01:44:42', 'GC녹십자 건강한가 밀크씨슬 30정'),
       (95, '2022-11-06 01:44:42', '2022-11-06 01:44:42', 'GC녹십자 건강한가 지씨 밀크씨슬 간 건강 30정'),
       (111, '2022-11-06 01:44:43', '2022-11-06 01:44:43', 'GC녹십자 스마일렌 밀크씨슬 7 30정'),
       (132, '2022-11-06 01:44:43', '2022-11-06 01:44:43', 'GC녹십자웰빙 PNT 웰메가 밀크씨슬 60캡슐'),
       (135, '2022-11-06 01:44:43', '2022-11-06 01:44:43', 'GC녹십자웰빙 그린픽 간건강 30정'),
       (149, '2022-11-06 01:44:43', '2022-11-06 01:44:43', 'GC녹십자웰빙 밀크씨슬 골드 플러스 30정'),
       (174, '2022-11-06 01:44:43', '2022-11-06 01:44:43', 'GNC 리버헬스 포뮬라 60정'),
       (180, '2022-11-06 01:44:43', '2022-11-06 01:44:43', 'GNC 위헬스 포뮬라 60정'),
       (192, '2022-11-06 01:44:43', '2022-11-06 01:44:43', 'GNC 허벌플러스 밀크씨슬 60캡슐'),
       (193, '2022-11-06 01:44:43', '2022-11-06 01:44:43', 'GNC 허벌플러스 밀크씨슬 60캡슐 2개입 선물세트'),
       (194, '2022-11-06 01:44:43', '2022-11-06 01:44:43', 'GNC 허벌플러스 밀크씨슬 60캡슐 3개입 선물세트'),
       (195, '2022-11-06 01:44:43', '2022-11-06 01:44:43', 'GNC 허벌플러스 밀크씨슬 위드 B-컴플렉스 60정'),
       (196, '2022-11-06 01:44:43', '2022-11-06 01:44:43', 'GNC 허벌플러스 밀크씨슬 위드 아연 60정'),
       (197, '2022-11-06 01:44:43', '2022-11-06 01:44:43', 'GNC 허벌플러스 밀크씨슬 포켓형 10캡슐'),
       (204, '2022-11-06 01:44:43', '2022-11-06 01:44:43', 'JW중외제약 논스톱 쏘팔메토 30캡슐'),
       (242, '2022-11-06 01:44:43', '2022-11-06 01:44:43', 'JW중외제약 프리미엄 리얼메디 쏘팔메토 옥타코사놀 30캡슐'),
       (245, '2022-11-06 01:44:43', '2022-11-06 01:44:43', 'JW중외제약 프리미엄 리얼메디 위건강 30정'),
       (246, '2022-11-06 01:44:43', '2022-11-06 01:44:43', 'JW중외제약 프리미엄 쏘팔메토 30캡슐'),
       (247, '2022-11-06 01:44:43', '2022-11-06 01:44:43', 'JW중외제약 프리미엄 쏘팔메토 30캡슐 3개입 세트'),
       (248, '2022-11-06 01:44:43', '2022-11-06 01:44:43', 'JW중외제약 프리미엄 쏘팔메토 60캡슐'),
       (315, '2022-11-06 01:44:43', '2022-11-06 01:44:43', '가포 활력업 쏘팔메토 옥타코사놀 30캡슐'),
       (318, '2022-11-06 01:44:43', '2022-11-06 01:44:43', '갱년기 앤 우먼비바 120캡슐'),
       (337, '2022-11-06 01:44:43', '2022-11-06 01:44:43', '건국유업 활력건강 쏘팔메토 옥타코사놀: 30캡슐'),
       (353, '2022-11-06 01:44:43', '2022-11-06 01:44:43', '경방 이뮤제틱 10ml 30포'),
       (367, '2022-11-06 01:44:43', '2022-11-06 01:44:43', '고려홍삼중앙회 면역강화 홍삼스틱 진세노사이드 40mg 10ml 30포'),
       (421, '2022-11-06 01:44:43', '2022-11-06 01:44:43', '그린스토어 갱년기 여성 건강을 위한 회화춘 60캡슐'),
       (449, '2022-11-06 01:44:43', '2022-11-06 01:44:43', '금산미학홍삼 홍삼정 프리미엄 스틱 10ml 30포'),
       (462, '2022-11-06 01:44:43', '2022-11-06 01:44:43', '꽃처럼 피어나다(우마레 가와루) 세트'),
       (548, '2022-11-06 01:44:43', '2022-11-06 01:44:43', '내츄럴플러스 위건강 헬리코박터 케어 60정'),
       (549, '2022-11-06 01:44:43', '2022-11-06 01:44:43', '내츄럴플러스 위편한 간건강 30캡슐'),
       (601, '2022-11-06 01:44:43', '2022-11-06 01:44:43', '네이처가든 뉴트리가든 프리미엄 위건강 헬리코박터케어 30정'),
       (607, '2022-11-06 01:44:43', '2022-11-06 01:44:43', '네이처가든 정원삼 6년근 고려홍삼정365스틱 예작 10g 30포'),
       (608, '2022-11-06 01:44:43', '2022-11-06 01:44:43', '네이처가든 정원삼 황후애궁 70ml 30포'),
       (622, '2022-11-06 01:44:43', '2022-11-06 01:44:43', '네이처드림 위편한 간건강 30캡슐'),
       (754, '2022-11-06 01:44:43', '2022-11-06 01:44:43', '농협홍삼 한삼인 홍삼정스틱 우먼케어 10g 60포'),
       (761, '2022-11-06 01:44:43', '2022-11-06 01:44:43', '뉴랜드올네이처 야호맨 60캡슐'),
       (762, '2022-11-06 01:44:43', '2022-11-06 01:44:43', '뉴랜드올네이처 야호맨 골드 30포'),
       (768, '2022-11-06 01:44:43', '2022-11-06 01:44:43', '뉴스킨 파마넥스 베닉스 2 240캡슐'),
       (788, '2022-11-06 01:44:43', '2022-11-06 01:44:43', '뉴일리 위편한 간건강 30캡슐'),
       (803, '2022-11-06 01:44:43', '2022-11-06 01:44:43', '뉴트라팜 간편한 위건강 헬리코박터 케어 30캡슐'),
       (896, '2022-11-06 01:44:43', '2022-11-06 01:44:43', '뉴트리원 르시크릿 에스트로벤 30포'),
       (959, '2022-11-06 01:44:43', '2022-11-06 01:44:43', '뉴트올로지 바른 위힐스 30정'),
       (994, '2022-11-06 01:44:43', '2022-11-06 01:44:43', '닥터루템 위건강 30정'),
       (1000, '2022-11-06 01:44:43', '2022-11-06 01:44:43', '닥터린 루바브 DK 28정'),
       (1249, '2022-11-06 01:44:43', '2022-11-06 01:44:43', '더베이글 뉴트리디데이 프리미엄 위건강 30정'),
       (1250, '2022-11-06 01:44:43', '2022-11-06 01:44:43', '더베이글 뉴트리디데이 프리미엄 위건강 30정 3개입 세트'),
       (1472, '2022-11-06 01:44:43', '2022-11-06 01:44:43', '로니웰 위건강 30정'),
       (1671, '2022-11-06 01:44:43', '2022-11-06 01:44:43', '메이플트리 위건강 트리플액션 60정'),
       (1796, '2022-11-06 01:44:43', '2022-11-06 01:44:43', '보뚜슈퍼푸드 위편한 간건강 30캡슐');
insert into ingredient_daily_standard (id, created_at, updated_at, maximum_amount, minimum_amount, unit, ingredient_id)
values (1, null, null, 400.0000000000, 3.3000000000, 'MILLI_GRAM', 114),
       (2, null, null, 1000.0000000000, 21.0000000000, 'MICRO_GRAM', 115),
       (3, null, null, 100.0000000000, 0.3600000000, 'MILLI_GRAM', 101),
       (4, null, null, 40.0000000000, 0.4200000000, 'MILLI_GRAM', 103),
       (5, null, null, 200.0000000000, 1.5000000000, 'MILLI_GRAM', 172),
       (6, null, null, 67.0000000000, 0.4500000000, 'MILLI_GRAM', 107),
       (7, null, null, 400.0000000000, 120.0000000000, 'MICRO_GRAM', 110),
       (8, null, null, 2000.0000000000, 0.7200000000, 'MICRO_GRAM', 102),
       (9, null, null, 900.0000000000, 9.0000000000, 'MICRO_GRAM', 108),
       (10, null, null, 1000.0000000000, 30.0000000000, 'MILLI_GRAM', 111),
       (14, null, null, 12.0000000000, 2.5500000000, 'MILLI_GRAM', 126),
       (16, null, null, 135.0000000000, 16.5000000000, 'MICRO_GRAM', 119),
       (18, null, null, 3.5000000000, 0.9000000000, 'MILLI_GRAM', 86),
       (24, null, null, 1000.0000000000, 210.0000000000, 'MICRO_GRAM', 100),
       (25, null, null, 10.0000000000, 3.0000000000, 'MICRO_GRAM', 112);

set foreign_key_checks = 1;